modeltag,F1scoremicro,F1scoremacro,TP_0,TP_1,TP_2,TP_3,TP_4
predictions1,0.17,0.1690792090792091,0.19518062566709724,0.21252235502330094,0.20792055578294355,0.18160701875135035,0.20276944477530764
predictions2,0.11,0.10795246515498232,0.201458377122582,0.187849597628828,0.2020552229664172,0.19609664944245173,0.21254015283972083
predictions3,0.24,0.23749540432467264,0.21610640060086728,0.18190787403042616,0.19490771867334555,0.2067978613380674,0.20028014535729338
