modeltag,F1scoremicro,F1scoremacro,TP_0,TP_1,TP_2,TP_3,TP_4
../models/ecg-transformer/validation_results_782789fed8a64e4e93d63e90900d09f6,0.9735063036725744,0.8820098340096187,[0.9920521],[0.61870504],[0.9019337],[0.79012346],[0.97014925]
src_validate/predictions_with_probabilities_gru_model,0.8119861136488215,0.20892431788307836,[0.97494205],[0.0323741],[0.0538674],[0.],[0.00995025]
